{
    "2": {
        "titulo": "Planta\u00e7\u00e3o de batata",
        "conteudo": "Plantio: Corte as batatas maiores em peda\u00e7os, garantindo que cada peda\u00e7o tenha pelo menos um \"olho\" (ponto de crescimento). Plante as batatas em sulcos ou buracos, a uma profundidade de cerca de 10 cm, com o \"olho\" voltado para cima. Mantenha uma dist\u00e2ncia de 30 a 40 cm entre cada batata e deixe cerca de 60 cm entre as fileiras.\\nTemperatura do solo: As batatas preferem solos mais frios, mas n\u00e3o congelantes. Portanto, o per\u00edodo ideal para plantar batatas \u00e9 geralmente algumas semanas antes da \u00faltima geada da primavera. Certifique-se de que o solo esteja aquecido o suficiente, por volta de 10 a 15 graus Celsius, para permitir a germina\u00e7\u00e3o e o crescimento das batatas.\\nClima: As batatas s\u00e3o mais adequadas para climas temperados. Elas crescem melhor em temperaturas entre 15 e 20 graus Celsius durante o dia. Evite plantar batatas em \u00e9pocas de temperaturas muito altas, pois isso pode afetar negativamente o crescimento.",
        "tags": [
            "dica",
            "plantio",
            "batata"
        ],
        "autor": "Orlando barros",
        "user": "orlandobarrosvascular@gmail.com"
    },
    "4": {
        "titulo": "Plantio de Tomate",
        "conteudo": "Clima\\nO  tomate  \u00e9  um  alimento  com  origem  em  \u00e1reas  quentes,  portanto  n\u00e3o  suporta temperaturas muito frias. A temperatura ideal para cultivar o tomate \u00e9 entre 20\u00b0C a 26\u00b0C, a partir dos 15\u00b0C j\u00e1 \u00e9 poss\u00edvel cultivar tomateiros e obter belos frutos e a  temperatura  m\u00e1xima  n\u00e3o  deve  ultrapassar  dos  35\u00b0C.  Em  regi\u00f5es  que  n\u00e3o atendem  esses  requisitos  t\u00e9rmicos  o  tomate  pode  ser  cultivado  em  estufas.  No caso do produtor urbano, \u00e9 poss\u00edvel utilizar pequenos vasos, mant\u00ea-los na regi\u00e3o interna de suas casas e at\u00e9 mesmo construir pequenas estufas, para que o mal tempo n\u00e3o aflija a planta e nem prejudiquem seu desenvolvimento.",
        "tags": [
            "Plantio",
            "tomate"
        ],
        "autor": "Augusto barcelos barros",
        "user": "augustobb@live.com"
    },
    "3": {
        "titulo": "Energia E\u00f3lica - Vantagens",
        "conteudo": "A energia e\u00f3lica \u00e9 infinita, \u00e9 sempre inovadora\\nO processo de produ\u00e7\u00e3o de energia n\u00e3o gera res\u00edduos poluentes e n\u00e3o gera gases de efeito estufa\\nTornar a popula\u00e7\u00e3o e a sociedade menos dependentes dos combust\u00edveis f\u00f3sseis e das hidrel\u00e9tricas (poluidoras, n\u00e3o renov\u00e1veis \u200b\u200be de alto impacto ambiental)\\nFornece incentivos financeiros aos usu\u00e1rios por ser uma energia alternativa de baixo custo\\nPara parques e\u00f3licos de grande porte, geram empregos para a comunidade e investem em regi\u00f5es economicamente subdesenvolvidas\\nparques e\u00f3licos podem ser instalados em \u00e1reas agr\u00edcolas ou de pastagem sem prejudicar agricultores ou pecuaristas\\nAs turbinas e\u00f3licas n\u00e3o precisam de outras fontes de combust\u00edvel para funcionar, mas apenas da for\u00e7a do vento\\nequipamento requer pouca manuten\u00e7\u00e3o (6 meses/tempo), baixo custo\\nR\u00e1pido retorno do investimento (cerca de 6 meses).\\n\\nFonte: https://blog.belgo.com.br/agro/energia-eolica-na-agricultura/",
        "tags": [
            "Energia",
            "dicas",
            "E\u00f3lica"
        ],
        "autor": "Augusto barcelos barros",
        "user": "augustobb@live.com"
    }
}