{
    "augustobb@live.com": {
        "nome": "Augusto barcelos barros",
        "email": "augustobb@live.com",
        "senha": "pandorinha"
    },
    "gabs.gnt@hotmail.com": {
        "nome": "Gabriela",
        "email": "gabs.gnt@hotmail.com",
        "senha": "gui123"
    },
    "gribl88@gmail.com": {
        "nome": "Gribl",
        "email": "gribl88@gmail.com",
        "senha": "maya10"
    },
    "queiroz@fiap.com.br": {
        "nome": "Queiroz",
        "email": "queiroz@fiap.com.br",
        "senha": "SouzaS"
    },
    "teste@teste.com": {
        "nome": "Teste",
        "email": "teste@teste.com",
        "senha": "teste123"
    }
}